Id,TokenKey
1000000000,color-primary
2010100000,btn-size-small-font-size
2010100001,btn-size-small-line-height
2010100002,btn-size-small-padding-x
2010100003,btn-size-small-padding-y
2010100004,btn-size-small-border-radius
2010100005,btn-size-small-gap
2010100006,btn-size-small-icon-size
2010100007,btn-size-small-spinner-size
2010100008,btn-size-small-min-width
2010100009,btn-size-small-height
2010100010,btn-size-small-font-weight
2010100011,btn-size-small-letter-spacing
2010100012,btn-size-small-text-transform
2010100013,btn-size-small-outline
2010100014,btn-size-small-transition
2010100015,btn-size-small-focus-ring
2010100016,btn-size-small-corner-radius-top-left
2010100017,btn-size-small-corner-radius-top-right
2010100018,btn-size-small-corner-radius-bottom-left
2010100019,btn-size-small-corner-radius-bottom-right
2010100100,btn-size-medium-font-size
2010100101,btn-size-medium-line-height
2010100102,btn-size-medium-padding-x
2010100103,btn-size-medium-padding-y
2010100104,btn-size-medium-border-radius
2010100105,btn-size-medium-gap
2010100106,btn-size-medium-icon-size
2010100107,btn-size-medium-spinner-size
2010100108,btn-size-medium-min-width
2010100109,btn-size-medium-height
2010100110,btn-size-medium-font-weight
2010100111,btn-size-medium-letter-spacing
2010100112,btn-size-medium-text-transform
2010100113,btn-size-medium-outline
2010100114,btn-size-medium-transition
2010100115,btn-size-medium-focus-ring
2010100116,btn-size-medium-corner-radius-top-left
2010100117,btn-size-medium-corner-radius-top-right
2010100118,btn-size-medium-corner-radius-bottom-left
2010100119,btn-size-medium-corner-radius-bottom-right
2010100200,btn-size-large-font-size
2010100201,btn-size-large-line-height
2010100202,btn-size-large-padding-x
2010100203,btn-size-large-padding-y
2010100204,btn-size-large-border-radius
2010100205,btn-size-large-gap
2010100206,btn-size-large-icon-size
2010100207,btn-size-large-spinner-size
2010100208,btn-size-large-min-width
2010100209,btn-size-large-height
2010100210,btn-size-large-font-weight
2010100211,btn-size-large-letter-spacing
2010100212,btn-size-large-text-transform
2010100213,btn-size-large-outline
2010100214,btn-size-large-transition
2010100215,btn-size-large-focus-ring
2010100216,btn-size-large-corner-radius-top-left
2010100217,btn-size-large-corner-radius-top-right
2010100218,btn-size-large-corner-radius-bottom-left
2010100219,btn-size-large-corner-radius-bottom-right
2010100300,btn-size-xl-font-size
2010100301,btn-size-xl-line-height
2010100302,btn-size-xl-padding-x
2010100303,btn-size-xl-padding-y
2010100304,btn-size-xl-border-radius
2010100305,btn-size-xl-gap
2010100306,btn-size-xl-icon-size
2010100307,btn-size-xl-spinner-size
2010100308,btn-size-xl-min-width
2010100309,btn-size-xl-height
2010100310,btn-size-xl-font-weight
2010100311,btn-size-xl-letter-spacing
2010100312,btn-size-xl-text-transform
2010100313,btn-size-xl-outline
2010100314,btn-size-xl-transition
2010100315,btn-size-xl-focus-ring
2010100316,btn-size-xl-corner-radius-top-left
2010100317,btn-size-xl-corner-radius-top-right
2010100318,btn-size-xl-corner-radius-bottom-left
2010100319,btn-size-xl-corner-radius-bottom-right
2010101000,btn-basic-primary-bg
2010101001,btn-basic-primary-text
2010101002,btn-basic-primary-border
2010101003,btn-basic-primary-hover-bg
2010101004,btn-basic-primary-hover-text
2010101005,btn-basic-primary-hover-border
2010101006,btn-basic-primary-disabled-bg
2010101007,btn-basic-primary-disabled-text
2010101008,btn-basic-primary-disabled-border
2010101009,btn-basic-primary-shadow
2010101010,btn-basic-primary-radius
2010101011,btn-basic-primary-padding-x
2010101012,btn-basic-primary-padding-y
2010101013,btn-basic-primary-gap
2010101014,btn-basic-primary-focus-ring
2010101015,btn-basic-primary-outline
2010101016,btn-basic-primary-transition
2010101017,btn-basic-primary-icon-color
2010101018,btn-basic-primary-icon-size
2010101019,btn-basic-primary-line-height
2010101100,secondary-bg
2010101101,secondary-text
2010101102,secondary-border
2010101103,secondary-bg-hover
2010101104,secondary-text-hover
2010101105,secondary-border-hover
2010101106,secondary-bg-disabled
2010101107,secondary-text-disabled
2010101108,secondary-border-disabled
2010101200,success-bg
2010101201,success-text
2010101202,success-border
2010101203,success-bg-hover
2010101204,success-text-hover
2010101205,success-border-hover
2010101206,success-bg-disabled
2010101207,success-text-disabled
2010101208,success-border-disabled
2010101300,danger-bg
2010101301,danger-text
2010101302,danger-border
2010101303,danger-bg-hover
2010101304,danger-text-hover
2010101305,danger-border-hover
2010101306,danger-bg-disabled
2010101307,danger-text-disabled
2010101308,danger-border-disabled
2010101400,warning-bg
2010101401,warning-text
2010101402,warning-border
2010101403,warning-bg-hover
2010101404,warning-text-hover
2010101405,warning-border-hover
2010101406,warning-bg-disabled
2010101407,warning-text-disabled
2010101408,warning-border-disabled
2010101500,info-bg
2010101501,info-text
2010101502,info-border
2010101503,info-bg-hover
2010101504,info-text-hover
2010101505,info-border-hover
2010101506,info-bg-disabled
2010101507,info-text-disabled
2010101508,info-border-disabled
2010101600,light-bg
2010101601,light-text
2010101602,light-border
2010101603,light-bg-hover
2010101604,light-text-hover
2010101605,light-border-hover
2010101606,light-bg-disabled
2010101607,light-text-disabled
2010101608,light-border-disabled
2010101700,dark-bg
2010101701,dark-text
2010101702,dark-border
2010101703,dark-bg-hover
2010101704,dark-text-hover
2010101705,dark-border-hover
2010101706,dark-bg-disabled
2010101707,dark-text-disabled
2010101708,dark-border-disabled
2010101709,outline-dark-text
2010101710,outline-dark-border
2010101711,outline-dark-bg-hover
2010101712,outline-dark-text-hover
2010101713,outline-dark-border-hover
2010101714,outline-dark-text-disabled
2010102000,outline-primary-bg
2010102001,outline-primary-text
2010102002,outline-primary-border
2010102003,outline-primary-hover-bg
2010102004,outline-primary-hover-text
2010102005,outline-primary-hover-border
2010102006,outline-primary-disabled-bg
2010102007,outline-primary-disabled-text
2010102008,outline-primary-disabled-border
2010102100,outline-secondary-bg
2010102101,outline-secondary-text
2010102102,outline-secondary-border
2010102103,outline-secondary-hover-bg
2010102104,outline-secondary-hover-text
2010102105,outline-secondary-hover-border
2010102106,outline-secondary-disabled-bg
2010102107,outline-secondary-disabled-text
2010102108,outline-secondary-disabled-border
2010102200,outline-success-bg
2010102201,outline-success-text
2010102202,outline-success-border
2010102203,outline-success-hover-bg
2010102204,outline-success-hover-text
2010102205,outline-success-hover-border
2010102206,outline-success-disabled-bg
2010102207,outline-success-disabled-text
2010102208,outline-success-disabled-border
2010102300,outline-danger-bg
2010102301,outline-danger-text
2010102302,outline-danger-border
2010102303,outline-danger-hover-bg
2010102304,outline-danger-hover-text
2010102305,outline-danger-hover-border
2010102306,outline-danger-disabled-bg
2010102307,outline-danger-disabled-text
2010102308,outline-danger-disabled-border
2010102400,outline-warning-bg
2010102401,outline-warning-text
2010102402,outline-warning-border
2010102403,outline-warning-hover-bg
2010102404,outline-warning-hover-text
2010102405,outline-warning-hover-border
2010102406,outline-warning-disabled-bg
2010102407,outline-warning-disabled-text
2010102408,outline-warning-disabled-border
2010102500,outline-info-bg
2010102501,outline-info-text
2010102502,outline-info-border
2010102503,outline-info-hover-bg
2010102504,outline-info-hover-text
2010102505,outline-info-hover-border
2010102506,outline-info-disabled-bg
2010102507,outline-info-disabled-text
2010102508,outline-info-disabled-border
2010102600,outline-light-bg
2010102601,outline-light-text
2010102602,outline-light-border
2010102603,outline-light-hover-bg
2010102604,outline-light-hover-text
2010102605,outline-light-hover-border
2010102606,outline-light-disabled-bg
2010102607,outline-light-disabled-text
2010102608,outline-light-disabled-border
2010103000,soft-primary-bg
2010103001,soft-primary-text
2010103002,soft-primary-border
2010103003,soft-primary-hover-bg
2010103004,soft-primary-hover-text
2010103005,soft-primary-hover-border
2010103006,soft-primary-disabled-bg
2010103007,soft-primary-disabled-text
2010103008,soft-primary-disabled-border
2010103100,soft-secondary-bg
2010103101,soft-secondary-text
2010103102,soft-secondary-border
2010103103,soft-secondary-hover-bg
2010103104,soft-secondary-hover-text
2010103105,soft-secondary-hover-border
2010103106,soft-secondary-disabled-bg
2010103107,soft-secondary-disabled-text
2010103108,soft-secondary-disabled-border
2010103200,soft-success-bg
2010103201,soft-success-text
2010103202,soft-success-border
2010103203,soft-success-hover-bg
2010103204,soft-success-hover-text
2010103205,soft-success-hover-border
2010103206,soft-success-disabled-bg
2010103207,soft-success-disabled-text
2010103208,soft-success-disabled-border
2010103300,soft-danger-bg
2010103301,soft-danger-text
2010103302,soft-danger-border
2010103303,soft-danger-hover-bg
2010103304,soft-danger-hover-text
2010103305,soft-danger-hover-border
2010103306,soft-danger-disabled-bg
2010103307,soft-danger-disabled-text
2010103308,soft-danger-disabled-border
2010103400,soft-warning-bg
2010103401,soft-warning-text
2010103402,soft-warning-border
2010103403,soft-warning-hover-bg
2010103404,soft-warning-hover-text
2010103405,soft-warning-hover-border
2010103406,soft-warning-disabled-bg
2010103407,soft-warning-disabled-text
2010103408,soft-warning-disabled-border
2010103500,soft-info-bg
2010103501,soft-info-text
2010103502,soft-info-border
2010103503,soft-info-hover-bg
2010103504,soft-info-hover-text
2010103505,soft-info-hover-border
2010103506,soft-info-disabled-bg
2010103507,soft-info-disabled-text
2010103508,soft-info-disabled-border
2010103600,soft-light-bg
2010103601,soft-light-text
2010103602,soft-light-border
2010103603,soft-light-hover-bg
2010103604,soft-light-hover-text
2010103605,soft-light-hover-border
2010103606,soft-light-disabled-bg
2010103607,soft-light-disabled-text
2010103608,soft-light-disabled-border
2010104000,icon-primary-bg
2010104001,icon-primary-text
2010104002,icon-primary-border
2010104003,icon-primary-hover-bg
2010104004,icon-primary-hover-text
2010104005,icon-primary-hover-border
2010104006,icon-primary-disabled-bg
2010104007,icon-primary-disabled-text
2010104008,icon-primary-disabled-border
2010104100,icon-secondary-bg
2010104101,icon-secondary-text
2010104102,icon-secondary-border
2010104103,icon-secondary-hover-bg
2010104104,icon-secondary-hover-text
2010104105,icon-secondary-hover-border
2010104106,icon-secondary-disabled-bg
2010104107,icon-secondary-disabled-text
2010104108,icon-secondary-disabled-border
2010104200,icon-success-bg
2010104201,icon-success-text
2010104202,icon-success-border
2010104203,icon-success-hover-bg
2010104204,icon-success-hover-text
2010104205,icon-success-hover-border
2010104206,icon-success-disabled-bg
2010104207,icon-success-disabled-text
2010104208,icon-success-disabled-border
2010104300,icon-danger-bg
2010104301,icon-danger-text
2010104302,icon-danger-border
2010104303,icon-danger-hover-bg
2010104304,icon-danger-hover-text
2010104305,icon-danger-hover-border
2010104306,icon-danger-disabled-bg
2010104307,icon-danger-disabled-text
2010104308,icon-danger-disabled-border
2010104400,icon-warning-bg
2010104401,icon-warning-text
2010104402,icon-warning-border
2010104403,icon-warning-hover-bg
2010104404,icon-warning-hover-text
2010104405,icon-warning-hover-border
2010104406,icon-warning-disabled-bg
2010104407,icon-warning-disabled-text
2010104408,icon-warning-disabled-border
2010104500,icon-info-bg
2010104501,icon-info-text
2010104502,icon-info-border
2010104503,icon-info-hover-bg
2010104504,icon-info-hover-text
2010104505,icon-info-hover-border
2010104506,icon-info-disabled-bg
2010104507,icon-info-disabled-text
2010104508,icon-info-disabled-border
2010104600,icon-light-bg
2010104601,icon-light-text
2010104602,icon-light-border
2010104603,icon-light-hover-bg
2010104604,icon-light-hover-text
2010104605,icon-light-hover-border
2010104606,icon-light-disabled-bg
2010104607,icon-light-disabled-text
2010104608,icon-light-disabled-border
2010104700,icon-dark-bg
2010104701,icon-dark-text
2010104702,icon-dark-border
2010104703,icon-dark-hover-bg
2010104704,icon-dark-hover-text
2010104705,icon-dark-hover-border
2010104706,icon-dark-disabled-bg
2010104707,icon-dark-disabled-text
2010104708,icon-dark-disabled-border
2010105000,btn-social-facebook-bg
2010105001,btn-social-facebook-icon-color
2010105002,btn-social-facebook-hover-bg
2010105010,btn-social-twitter-bg
2010105011,btn-social-twitter-icon-color
2010105012,btn-social-twitter-hover-bg
2010105100,btn-social-instagram-bg
2010105101,btn-social-instagram-icon-color
2010105102,btn-social-instagram-hover-bg
2010105110,btn-social-linkedin-bg
2010105111,btn-social-linkedin-icon-color
2010105112,btn-social-linkedin-hover-bg
2010105200,btn-social-whatsapp-bg
2010105201,btn-social-whatsapp-icon-color
2010105202,btn-social-whatsapp-hover-bg
2010105210,btn-social-reddit-bg
2010105211,btn-social-reddit-icon-color
2010105212,btn-social-reddit-hover-bg
2010105300,btn-social-youtube-bg
2010105301,btn-social-youtube-icon-color
2010105302,btn-social-youtube-hover-bg
2010105310,btn-social-dribbble-bg
2010105311,btn-social-dribbble-icon-color
2010105312,btn-social-dribbble-hover-bg
2010105400,btn-social-snapchat-bg
2010105401,btn-social-snapchat-icon-color
2010105402,btn-social-snapchat-hover-bg
2010106000,btn-radius-primary-bg
2010106001,btn-radius-primary-text
2010106002,btn-radius-primary-border
2010106003,btn-radius-primary-hover-bg
2010106004,btn-radius-primary-hover-text
2010106005,btn-radius-primary-hover-border
2010106006,btn-radius-primary-disabled-bg
2010106007,btn-radius-primary-disabled-text
2010106008,btn-radius-primary-disabled-border
2010106009,btn-radius-primary-icon-color
2010106010,btn-radius-primary-padding-x
2010106011,btn-radius-primary-padding-y
2010106012,btn-radius-primary-gap
2010106013,btn-radius-primary-icon-size
2010106014,btn-radius-primary-line-height
2010106015,btn-radius-primary-radius
2010106016,btn-radius-primary-shadow
2010106017,btn-radius-primary-focus-ring
2010106018,btn-radius-primary-transition
2010106100,btn-radius-secondary-bg
2010106101,btn-radius-secondary-text
2010106102,btn-radius-secondary-border
2010106103,btn-radius-secondary-hover-bg
2010106104,btn-radius-secondary-hover-text
2010106105,btn-radius-secondary-hover-border
2010106106,btn-radius-secondary-disabled-bg
2010106107,btn-radius-secondary-disabled-text
2010106108,btn-radius-secondary-disabled-border
2010106109,btn-radius-secondary-icon-color
2010106110,btn-radius-secondary-padding-x
2010106111,btn-radius-secondary-padding-y
2010106112,btn-radius-secondary-gap
2010106113,btn-radius-secondary-icon-size
2010106114,btn-radius-secondary-line-height
2010106115,btn-radius-secondary-radius
2010106116,btn-radius-secondary-shadow
2010106117,btn-radius-secondary-focus-ring
2010106118,btn-radius-secondary-transition
2010106200,btn-radius-success-bg
2010106201,btn-radius-success-text
2010106202,btn-radius-success-border
2010106203,btn-radius-success-hover-bg
2010106204,btn-radius-success-hover-text
2010106205,btn-radius-success-hover-border
2010106206,btn-radius-success-disabled-bg
2010106207,btn-radius-success-disabled-text
2010106208,btn-radius-success-disabled-border
2010106209,btn-radius-success-icon-color
2010106210,btn-radius-success-padding-x
2010106211,btn-radius-success-padding-y
2010106212,btn-radius-success-gap
2010106213,btn-radius-success-icon-size
2010106214,btn-radius-success-line-height
2010106215,btn-radius-success-radius
2010106216,btn-radius-success-shadow
2010106217,btn-radius-success-focus-ring
2010106218,btn-radius-success-transition
2010106300,btn-radius-danger-bg
2010106301,btn-radius-danger-text
2010106302,btn-radius-danger-border
2010106303,btn-radius-danger-hover-bg
2010106304,btn-radius-danger-hover-text
2010106305,btn-radius-danger-hover-border
2010106306,btn-radius-danger-disabled-bg
2010106307,btn-radius-danger-disabled-text
2010106308,btn-radius-danger-disabled-border
2010106309,btn-radius-danger-icon-color
2010106310,btn-radius-danger-padding-x
2010106311,btn-radius-danger-padding-y
2010106312,btn-radius-danger-gap
2010106313,btn-radius-danger-icon-size
2010106314,btn-radius-danger-line-height
2010106315,btn-radius-danger-radius
2010106316,btn-radius-danger-shadow
2010106317,btn-radius-danger-focus-ring
2010106318,btn-radius-danger-transition
2010106400,btn-radius-warning-bg
2010106401,btn-radius-warning-text
2010106402,btn-radius-warning-border
2010106403,btn-radius-warning-hover-bg
2010106404,btn-radius-warning-hover-text
2010106405,btn-radius-warning-hover-border
2010106406,btn-radius-warning-disabled-bg
2010106407,btn-radius-warning-disabled-text
2010106408,btn-radius-warning-disabled-border
2010106409,btn-radius-warning-icon-color
2010106410,btn-radius-warning-padding-x
2010106411,btn-radius-warning-padding-y
2010106412,btn-radius-warning-gap
2010106413,btn-radius-warning-icon-size
2010106414,btn-radius-warning-line-height
2010106415,btn-radius-warning-radius
2010106416,btn-radius-warning-shadow
2010106417,btn-radius-warning-focus-ring
2010106418,btn-radius-warning-transition
2010106500,btn-radius-info-bg
2010106501,btn-radius-info-text
2010106502,btn-radius-info-border
2010106503,btn-radius-info-hover-bg
2010106504,btn-radius-info-hover-text
2010106505,btn-radius-info-hover-border
2010106506,btn-radius-info-disabled-bg
2010106507,btn-radius-info-disabled-text
2010106508,btn-radius-info-disabled-border
2010106509,btn-radius-info-icon-color
2010106510,btn-radius-info-padding-x
2010106511,btn-radius-info-padding-y
2010106512,btn-radius-info-gap
2010106513,btn-radius-info-icon-size
2010106514,btn-radius-info-line-height
2010106515,btn-radius-info-radius
2010106516,btn-radius-info-shadow
2010106517,btn-radius-info-focus-ring
2010106518,btn-radius-info-transition
2010106600,btn-radius-light-bg
2010106601,btn-radius-light-text
2010106602,btn-radius-light-border
2010106603,btn-radius-light-hover-bg
2010106604,btn-radius-light-hover-text
2010106605,btn-radius-light-hover-border
2010106606,btn-radius-light-disabled-bg
2010106607,btn-radius-light-disabled-text
2010106608,btn-radius-light-disabled-border
2010106609,btn-radius-light-icon-color
2010106610,btn-radius-light-padding-x
2010106611,btn-radius-light-padding-y
2010106612,btn-radius-light-gap
2010106613,btn-radius-light-icon-size
2010106614,btn-radius-light-line-height
2010106615,btn-radius-light-radius
2010106616,btn-radius-light-shadow
2010106617,btn-radius-light-focus-ring
2010106618,btn-radius-light-transition
2010106700,btn-radius-dark-bg
2010106701,btn-radius-dark-text
2010106702,btn-radius-dark-border
2010106703,btn-radius-dark-hover-bg
2010106704,btn-radius-dark-hover-text
2010106705,btn-radius-dark-hover-border
2010106706,btn-radius-dark-disabled-bg
2010106707,btn-radius-dark-disabled-text
2010106708,btn-radius-dark-disabled-border
2010106709,btn-radius-dark-icon-color
2010106710,btn-radius-dark-padding-x
2010106711,btn-radius-dark-padding-y
2010106712,btn-radius-dark-gap
2010106713,btn-radius-dark-icon-size
2010106714,btn-radius-dark-line-height
2010106715,btn-radius-dark-radius
2010106716,btn-radius-dark-shadow
2010106717,btn-radius-dark-focus-ring
2010106718,btn-radius-dark-transition
2010107000,btn-active-primary-bg
2010107001,btn-active-primary-text
2010107002,btn-active-primary-border
2010107003,btn-active-primary-hover-bg
2010107004,btn-active-primary-hover-text
2010107005,btn-active-primary-hover-border
2010107006,btn-active-primary-disabled-bg
2010107007,btn-active-primary-disabled-text
2010107008,btn-active-primary-disabled-border
2010107009,btn-active-primary-shadow
2010107010,btn-active-primary-radius
2010107011,btn-active-primary-padding-x
2010107012,btn-active-primary-padding-y
2010107013,btn-active-primary-gap
2010107014,btn-active-primary-focus-ring
2010107015,btn-active-primary-outline
2010107016,btn-active-primary-transition
2010107017,btn-active-primary-icon-color
2010107018,btn-active-primary-icon-size
2010107019,btn-active-primary-line-height
2010107100,btn-active-secondary-bg
2010107101,btn-active-secondary-text
2010107102,btn-active-secondary-border
2010107103,btn-active-secondary-hover-bg
2010107104,btn-active-secondary-hover-text
2010107105,btn-active-secondary-hover-border
2010107106,btn-active-secondary-disabled-bg
2010107107,btn-active-secondary-disabled-text
2010107108,btn-active-secondary-disabled-border
2010107109,btn-active-secondary-shadow
2010107110,btn-active-secondary-radius
2010107111,btn-active-secondary-padding-x
2010107112,btn-active-secondary-padding-y
2010107113,btn-active-secondary-gap
2010107114,btn-active-secondary-focus-ring
2010107115,btn-active-secondary-outline
2010107116,btn-active-secondary-transition
2010107117,btn-active-secondary-icon-color
2010107118,btn-active-secondary-icon-size
2010107119,btn-active-secondary-line-height
2010107200,btn-active-success-bg
2010107201,btn-active-success-text
2010107202,btn-active-success-border
2010107203,btn-active-success-hover-bg
2010107204,btn-active-success-hover-text
2010107205,btn-active-success-hover-border
2010107206,btn-active-success-disabled-bg
2010107207,btn-active-success-disabled-text
2010107208,btn-active-success-disabled-border
2010107209,btn-active-success-shadow
2010107210,btn-active-success-radius
2010107211,btn-active-success-padding-x
2010107212,btn-active-success-padding-y
2010107213,btn-active-success-gap
2010107214,btn-active-success-focus-ring
2010107215,btn-active-success-outline
2010107216,btn-active-success-transition
2010107217,btn-active-success-icon-color
2010107218,btn-active-success-icon-size
2010107219,btn-active-success-line-height
2010107300,btn-active-danger-bg
2010107301,btn-active-danger-text
2010107302,btn-active-danger-border
2010107303,btn-active-danger-hover-bg
2010107304,btn-active-danger-hover-text
2010107305,btn-active-danger-hover-border
2010107306,btn-active-danger-disabled-bg
2010107307,btn-active-danger-disabled-text
2010107308,btn-active-danger-disabled-border
2010107309,btn-active-danger-shadow
2010107310,btn-active-danger-radius
2010107311,btn-active-danger-padding-x
2010107312,btn-active-danger-padding-y
2010107313,btn-active-danger-gap
2010107314,btn-active-danger-focus-ring
2010107315,btn-active-danger-outline
2010107316,btn-active-danger-transition
2010107317,btn-active-danger-icon-color
2010107318,btn-active-danger-icon-size
2010107319,btn-active-danger-line-height
2010107400,btn-active-warning-bg
2010107401,btn-active-warning-text
2010107402,btn-active-warning-border
2010107403,btn-active-warning-hover-bg
2010107404,btn-active-warning-hover-text
2010107405,btn-active-warning-hover-border
2010107406,btn-active-warning-disabled-bg
2010107407,btn-active-warning-disabled-text
2010107408,btn-active-warning-disabled-border
2010107409,btn-active-warning-shadow
2010107410,btn-active-warning-radius
2010107411,btn-active-warning-padding-x
2010107412,btn-active-warning-padding-y
2010107413,btn-active-warning-gap
2010107414,btn-active-warning-focus-ring
2010107415,btn-active-warning-outline
2010107416,btn-active-warning-transition
2010107417,btn-active-warning-icon-color
2010107418,btn-active-warning-icon-size
2010107419,btn-active-warning-line-height
2010107500,btn-active-info-bg
2010107501,btn-active-info-text
2010107502,btn-active-info-border
2010107503,btn-active-info-hover-bg
2010107504,btn-active-info-hover-text
2010107505,btn-active-info-hover-border
2010107506,btn-active-info-disabled-bg
2010107507,btn-active-info-disabled-text
2010107508,btn-active-info-disabled-border
2010107509,btn-active-info-shadow
2010107510,btn-active-info-radius
2010107511,btn-active-info-padding-x
2010107512,btn-active-info-padding-y
2010107513,btn-active-info-gap
2010107514,btn-active-info-focus-ring
2010107515,btn-active-info-outline
2010107516,btn-active-info-transition
2010107517,btn-active-info-icon-color
2010107518,btn-active-info-icon-size
2010107519,btn-active-info-line-height
2010107600,btn-active-light-bg
2010107601,btn-active-light-text
2010107602,btn-active-light-border
2010107603,btn-active-light-hover-bg
2010107604,btn-active-light-hover-text
2010107605,btn-active-light-hover-border
2010107606,btn-active-light-disabled-bg
2010107607,btn-active-light-disabled-text
2010107608,btn-active-light-disabled-border
2010107609,btn-active-light-shadow
2010107610,btn-active-light-radius
2010107611,btn-active-light-padding-x
2010107612,btn-active-light-padding-y
2010107613,btn-active-light-gap
2010107614,btn-active-light-focus-ring
2010107615,btn-active-light-outline
2010107616,btn-active-light-transition
2010107617,btn-active-light-icon-color
2010107618,btn-active-light-icon-size
2010107619,btn-active-light-line-height
2010107700,btn-active-dark-bg
2010107701,btn-active-dark-text
2010107702,btn-active-dark-border
2010107703,btn-active-dark-hover-bg
2010107704,btn-active-dark-hover-text
2010107705,btn-active-dark-hover-border
2010107706,btn-active-dark-disabled-bg
2010107707,btn-active-dark-disabled-text
2010107708,btn-active-dark-disabled-border
2010107709,btn-active-dark-shadow
2010107710,btn-active-dark-radius
2010107711,btn-active-dark-padding-x
2010107712,btn-active-dark-padding-y
2010107713,btn-active-dark-gap
2010107714,btn-active-dark-focus-ring
2010107715,btn-active-dark-outline
2010107716,btn-active-dark-transition
2010107717,btn-active-dark-icon-color
2010107718,btn-active-dark-icon-size
2010107719,btn-active-dark-line-height
2010108000,btn-disabled-primary-bg
2010108001,btn-disabled-primary-text
2010108002,btn-disabled-primary-border
2010108003,btn-disabled-primary-hover-bg
2010108004,btn-disabled-primary-hover-text
2010108005,btn-disabled-primary-hover-border
2010108006,btn-disabled-primary-disabled-bg
2010108007,btn-disabled-primary-disabled-text
2010108008,btn-disabled-primary-disabled-border
2010108009,btn-disabled-primary-shadow
2010108010,btn-disabled-primary-radius
2010108011,btn-disabled-primary-padding-x
2010108012,btn-disabled-primary-padding-y
2010108013,btn-disabled-primary-gap
2010108014,btn-disabled-primary-focus-ring
2010108015,btn-disabled-primary-outline
2010108016,btn-disabled-primary-transition
2010108017,btn-disabled-primary-icon-color
2010108018,btn-disabled-primary-icon-size
2010108019,btn-disabled-primary-line-height
2010108100,btn-disabled-secondary-bg
2010108101,btn-disabled-secondary-text
2010108102,btn-disabled-secondary-border
2010108103,btn-disabled-secondary-hover-bg
2010108104,btn-disabled-secondary-hover-text
2010108105,btn-disabled-secondary-hover-border
2010108106,btn-disabled-secondary-disabled-bg
2010108107,btn-disabled-secondary-disabled-text
2010108108,btn-disabled-secondary-disabled-border
2010108109,btn-disabled-secondary-shadow
2010108110,btn-disabled-secondary-radius
2010108111,btn-disabled-secondary-padding-x
2010108112,btn-disabled-secondary-padding-y
2010108113,btn-disabled-secondary-gap
2010108114,btn-disabled-secondary-focus-ring
2010108115,btn-disabled-secondary-outline
2010108116,btn-disabled-secondary-transition
2010108117,btn-disabled-secondary-icon-color
2010108118,btn-disabled-secondary-icon-size
2010108119,btn-disabled-secondary-line-height
2010108200,btn-disabled-success-bg
2010108201,btn-disabled-success-text
2010108202,btn-disabled-success-border
2010108203,btn-disabled-success-hover-bg
2010108204,btn-disabled-success-hover-text
2010108205,btn-disabled-success-hover-border
2010108206,btn-disabled-success-disabled-bg
2010108207,btn-disabled-success-disabled-text
2010108208,btn-disabled-success-disabled-border
2010108209,btn-disabled-success-shadow
2010108210,btn-disabled-success-radius
2010108211,btn-disabled-success-padding-x
2010108212,btn-disabled-success-padding-y
2010108213,btn-disabled-success-gap
2010108214,btn-disabled-success-focus-ring
2010108215,btn-disabled-success-outline
2010108216,btn-disabled-success-transition
2010108217,btn-disabled-success-icon-color
2010108218,btn-disabled-success-icon-size
2010108219,btn-disabled-success-line-height
2010108300,btn-disabled-danger-bg
2010108301,btn-disabled-danger-text
2010108302,btn-disabled-danger-border
2010108303,btn-disabled-danger-hover-bg
2010108304,btn-disabled-danger-hover-text
2010108305,btn-disabled-danger-hover-border
2010108306,btn-disabled-danger-disabled-bg
2010108307,btn-disabled-danger-disabled-text
2010108308,btn-disabled-danger-disabled-border
2010108309,btn-disabled-danger-shadow
2010108310,btn-disabled-danger-radius
2010108311,btn-disabled-danger-padding-x
2010108312,btn-disabled-danger-padding-y
2010108313,btn-disabled-danger-gap
2010108314,btn-disabled-danger-focus-ring
2010108315,btn-disabled-danger-outline
2010108316,btn-disabled-danger-transition
2010108317,btn-disabled-danger-icon-color
2010108318,btn-disabled-danger-icon-size
2010108319,btn-disabled-danger-line-height
2010108400,btn-disabled-warning-bg
2010108401,btn-disabled-warning-text
2010108402,btn-disabled-warning-border
2010108403,btn-disabled-warning-hover-bg
2010108404,btn-disabled-warning-hover-text
2010108405,btn-disabled-warning-hover-border
2010108406,btn-disabled-warning-disabled-bg
2010108407,btn-disabled-warning-disabled-text
2010108408,btn-disabled-warning-disabled-border
2010108409,btn-disabled-warning-shadow
2010108410,btn-disabled-warning-radius
2010108411,btn-disabled-warning-padding-x
2010108412,btn-disabled-warning-padding-y
2010108413,btn-disabled-warning-gap
2010108414,btn-disabled-warning-focus-ring
2010108415,btn-disabled-warning-outline
2010108416,btn-disabled-warning-transition
2010108417,btn-disabled-warning-icon-color
2010108418,btn-disabled-warning-icon-size
2010108419,btn-disabled-warning-line-height
2010108500,btn-disabled-info-bg
2010108501,btn-disabled-info-text
2010108502,btn-disabled-info-border
2010108503,btn-disabled-info-hover-bg
2010108504,btn-disabled-info-hover-text
2010108505,btn-disabled-info-hover-border
2010108506,btn-disabled-info-disabled-bg
2010108507,btn-disabled-info-disabled-text
2010108508,btn-disabled-info-disabled-border
2010108509,btn-disabled-info-shadow
2010108510,btn-disabled-info-radius
2010108511,btn-disabled-info-padding-x
2010108512,btn-disabled-info-padding-y
2010108513,btn-disabled-info-gap
2010108514,btn-disabled-info-focus-ring
2010108515,btn-disabled-info-outline
2010108516,btn-disabled-info-transition
2010108517,btn-disabled-info-icon-color
2010108518,btn-disabled-info-icon-size
2010108519,btn-disabled-info-line-height
2010108600,btn-disabled-light-bg
2010108601,btn-disabled-light-text
2010108602,btn-disabled-light-border
2010108603,btn-disabled-light-hover-bg
2010108604,btn-disabled-light-hover-text
2010108605,btn-disabled-light-hover-border
2010108606,btn-disabled-light-disabled-bg
2010108607,btn-disabled-light-disabled-text
2010108608,btn-disabled-light-disabled-border
2010108609,btn-disabled-light-shadow
2010108610,btn-disabled-light-radius
2010108611,btn-disabled-light-padding-x
2010108612,btn-disabled-light-padding-y
2010108613,btn-disabled-light-gap
2010108614,btn-disabled-light-focus-ring
2010108615,btn-disabled-light-outline
2010108616,btn-disabled-light-transition
2010108617,btn-disabled-light-icon-color
2010108618,btn-disabled-light-icon-size
2010108619,btn-disabled-light-line-height
2010108700,btn-disabled-dark-bg
2010108701,btn-disabled-dark-text
2010108702,btn-disabled-dark-border
2010108703,btn-disabled-dark-hover-bg
2010108704,btn-disabled-dark-hover-text
2010108705,btn-disabled-dark-hover-border
2010108706,btn-disabled-dark-disabled-bg
2010108707,btn-disabled-dark-disabled-text
2010108708,btn-disabled-dark-disabled-border
2010108709,btn-disabled-dark-shadow
2010108710,btn-disabled-dark-radius
2010108711,btn-disabled-dark-padding-x
2010108712,btn-disabled-dark-padding-y
2010108713,btn-disabled-dark-gap
2010108714,btn-disabled-dark-focus-ring
2010108715,btn-disabled-dark-outline
2010108716,btn-disabled-dark-transition
2010108717,btn-disabled-dark-icon-color
2010108718,btn-disabled-dark-icon-size
2010108719,btn-disabled-dark-line-height
2010109000,btn-loading-primary-bg
2010109001,btn-loading-primary-text
2010109002,btn-loading-primary-border
2010109003,btn-loading-primary-hover-bg
2010109004,btn-loading-primary-hover-text
2010109005,btn-loading-primary-hover-border
2010109006,btn-loading-primary-disabled-bg
2010109007,btn-loading-primary-disabled-text
2010109008,btn-loading-primary-disabled-border
2010109009,btn-loading-primary-spinner-color
2010109010,btn-loading-primary-spinner-size
2010109011,btn-loading-primary-padding-x
2010109012,btn-loading-primary-padding-y
2010109013,btn-loading-primary-gap
2010109014,btn-loading-primary-focus-ring
2010109015,btn-loading-primary-outline
2010109016,btn-loading-primary-transition
2010109017,btn-loading-primary-icon-color
2010109018,btn-loading-primary-icon-size
2010109019,btn-loading-primary-line-height
2010109100,btn-loading-secondary-bg
2010109101,btn-loading-secondary-text
2010109102,btn-loading-secondary-border
2010109103,btn-loading-secondary-hover-bg
2010109104,btn-loading-secondary-hover-text
2010109105,btn-loading-secondary-hover-border
2010109106,btn-loading-secondary-disabled-bg
2010109107,btn-loading-secondary-disabled-text
2010109108,btn-loading-secondary-disabled-border
2010109109,btn-loading-secondary-spinner-color
2010109110,btn-loading-secondary-spinner-size
2010109111,btn-loading-secondary-padding-x
2010109112,btn-loading-secondary-padding-y
2010109113,btn-loading-secondary-gap
2010109114,btn-loading-secondary-focus-ring
2010109115,btn-loading-secondary-outline
2010109116,btn-loading-secondary-transition
2010109117,btn-loading-secondary-icon-color
2010109118,btn-loading-secondary-icon-size
2010109119,btn-loading-secondary-line-height
2010109200,btn-loading-success-bg
2010109201,btn-loading-success-text
2010109202,btn-loading-success-border
2010109203,btn-loading-success-hover-bg
2010109204,btn-loading-success-hover-text
2010109205,btn-loading-success-hover-border
2010109206,btn-loading-success-disabled-bg
2010109207,btn-loading-success-disabled-text
2010109208,btn-loading-success-disabled-border
2010109209,btn-loading-success-spinner-color
2010109210,btn-loading-success-spinner-size
2010109211,btn-loading-success-padding-x
2010109212,btn-loading-success-padding-y
2010109213,btn-loading-success-gap
2010109214,btn-loading-success-focus-ring
2010109215,btn-loading-success-outline
2010109216,btn-loading-success-transition
2010109217,btn-loading-success-icon-color
2010109218,btn-loading-success-icon-size
2010109219,btn-loading-success-line-height
2010109300,btn-loading-danger-bg
2010109301,btn-loading-danger-text
2010109302,btn-loading-danger-border
2010109303,btn-loading-danger-hover-bg
2010109304,btn-loading-danger-hover-text
2010109305,btn-loading-danger-hover-border
2010109306,btn-loading-danger-disabled-bg
2010109307,btn-loading-danger-disabled-text
2010109308,btn-loading-danger-disabled-border
2010109309,btn-loading-danger-spinner-color
2010109310,btn-loading-danger-spinner-size
2010109311,btn-loading-danger-padding-x
2010109312,btn-loading-danger-padding-y
2010109313,btn-loading-danger-gap
2010109314,btn-loading-danger-focus-ring
2010109315,btn-loading-danger-outline
2010109316,btn-loading-danger-transition
2010109317,btn-loading-danger-icon-color
2010109318,btn-loading-danger-icon-size
2010109319,btn-loading-danger-line-height
2010109400,btn-loading-warning-bg
2010109401,btn-loading-warning-text
2010109402,btn-loading-warning-border
2010109403,btn-loading-warning-hover-bg
2010109404,btn-loading-warning-hover-text
2010109405,btn-loading-warning-hover-border
2010109406,btn-loading-warning-disabled-bg
2010109407,btn-loading-warning-disabled-text
2010109408,btn-loading-warning-disabled-border
2010109409,btn-loading-warning-spinner-color
2010109410,btn-loading-warning-spinner-size
2010109411,btn-loading-warning-padding-x
2010109412,btn-loading-warning-padding-y
2010109413,btn-loading-warning-gap
2010109414,btn-loading-warning-focus-ring
2010109415,btn-loading-warning-outline
2010109416,btn-loading-warning-transition
2010109417,btn-loading-warning-icon-color
2010109418,btn-loading-warning-icon-size
2010109419,btn-loading-warning-line-height
2010109500,btn-loading-info-bg
2010109501,btn-loading-info-text
2010109502,btn-loading-info-border
2010109503,btn-loading-info-hover-bg
2010109504,btn-loading-info-hover-text
2010109505,btn-loading-info-hover-border
2010109506,btn-loading-info-disabled-bg
2010109507,btn-loading-info-disabled-text
2010109508,btn-loading-info-disabled-border
2010109509,btn-loading-info-spinner-color
2010109510,btn-loading-info-spinner-size
2010109511,btn-loading-info-padding-x
2010109512,btn-loading-info-padding-y
2010109513,btn-loading-info-gap
2010109514,btn-loading-info-focus-ring
2010109515,btn-loading-info-outline
2010109516,btn-loading-info-transition
2010109517,btn-loading-info-icon-color
2010109518,btn-loading-info-icon-size
2010109519,btn-loading-info-line-height
2010109600,btn-loading-light-bg
2010109601,btn-loading-light-text
2010109602,btn-loading-light-border
2010109603,btn-loading-light-hover-bg
2010109604,btn-loading-light-hover-text
2010109605,btn-loading-light-hover-border
2010109606,btn-loading-light-disabled-bg
2010109607,btn-loading-light-disabled-text
2010109608,btn-loading-light-disabled-border
2010109609,btn-loading-light-spinner-color
2010109610,btn-loading-light-spinner-size
2010109611,btn-loading-light-padding-x
2010109612,btn-loading-light-padding-y
2010109613,btn-loading-light-gap
2010109614,btn-loading-light-focus-ring
2010109615,btn-loading-light-outline
2010109616,btn-loading-light-transition
2010109617,btn-loading-light-icon-color
2010109618,btn-loading-light-icon-size
2010109619,btn-loading-light-line-height
2010109700,btn-loading-dark-bg
2010109701,btn-loading-dark-text
2010109702,btn-loading-dark-border
2010109703,btn-loading-dark-hover-bg
2010109704,btn-loading-dark-hover-text
2010109705,btn-loading-dark-hover-border
2010109706,btn-loading-dark-disabled-bg
2010109707,btn-loading-dark-disabled-text
2010109708,btn-loading-dark-disabled-border
2010109709,btn-loading-dark-spinner-color
2010109710,btn-loading-dark-spinner-size
2010109711,btn-loading-dark-padding-x
2010109712,btn-loading-dark-padding-y
2010109713,btn-loading-dark-gap
2010109714,btn-loading-dark-focus-ring
2010109715,btn-loading-dark-outline
2010109716,btn-loading-dark-transition
2010109717,btn-loading-dark-icon-color
2010109718,btn-loading-dark-icon-size
2010109719,btn-loading-dark-line-height
2010109800,btn-loading-primary-outline-bg
2010109801,btn-loading-primary-outline-text
2010109802,btn-loading-primary-outline-border
2010109803,btn-loading-primary-outline-hover-bg
2010109804,btn-loading-primary-outline-hover-text
2010109805,btn-loading-primary-outline-hover-border
2010109806,btn-loading-primary-outline-disabled-bg
2010109807,btn-loading-primary-outline-disabled-text
2010109808,btn-loading-primary-outline-disabled-border
2010109809,btn-loading-primary-outline-spinner-color
2010109810,btn-loading-primary-outline-spinner-size
2010109811,btn-loading-primary-outline-padding-x
2010109812,btn-loading-primary-outline-padding-y
2010109813,btn-loading-primary-outline-gap
2010109814,btn-loading-primary-outline-focus-ring
2010109815,btn-loading-primary-outline-outline
2010109816,btn-loading-primary-outline-transition
2010109817,btn-loading-primary-outline-icon-color
2010109818,btn-loading-primary-outline-icon-size
2010109819,btn-loading-primary-outline-line-height
2010109900,btn-loading-secondary-outline-bg
2010109901,btn-loading-secondary-outline-text
2010109902,btn-loading-secondary-outline-border
2010109903,btn-loading-secondary-outline-hover-bg
2010109904,btn-loading-secondary-outline-hover-text
2010109905,btn-loading-secondary-outline-hover-border
2010109906,btn-loading-secondary-outline-disabled-bg
2010109907,btn-loading-secondary-outline-disabled-text
2010109908,btn-loading-secondary-outline-disabled-border
2010109909,btn-loading-secondary-outline-spinner-color
2010109910,btn-loading-secondary-outline-spinner-size
2010109911,btn-loading-secondary-outline-padding-x
2010109912,btn-loading-secondary-outline-padding-y
2010109913,btn-loading-secondary-outline-gap
2010109914,btn-loading-secondary-outline-focus-ring
2010109915,btn-loading-secondary-outline-outline
2010109916,btn-loading-secondary-outline-transition
2010109917,btn-loading-secondary-outline-icon-color
2010109918,btn-loading-secondary-outline-icon-size
2010109919,btn-loading-secondary-outline-line-height
2010110000,btn-loading-success-outline-bg
2010110001,btn-loading-success-outline-text
2010110002,btn-loading-success-outline-border
2010110003,btn-loading-success-outline-hover-bg
2010110004,btn-loading-success-outline-hover-text
2010110005,btn-loading-success-outline-hover-border
2010110006,btn-loading-success-outline-disabled-bg
2010110007,btn-loading-success-outline-disabled-text
2010110008,btn-loading-success-outline-disabled-border
2010110009,btn-loading-success-outline-spinner-color
2010110010,btn-loading-success-outline-spinner-size
2010110011,btn-loading-success-outline-padding-x
2010110012,btn-loading-success-outline-padding-y
2010110013,btn-loading-success-outline-gap
2010110014,btn-loading-success-outline-focus-ring
2010110015,btn-loading-success-outline-outline
2010110016,btn-loading-success-outline-transition
2010110017,btn-loading-success-outline-icon-color
2010110018,btn-loading-success-outline-icon-size
2010110019,btn-loading-success-outline-line-height
2010110100,btn-loading-danger-outline-bg
2010110101,btn-loading-danger-outline-text
2010110102,btn-loading-danger-outline-border
2010110103,btn-loading-danger-outline-hover-bg
2010110104,btn-loading-danger-outline-hover-text
2010110105,btn-loading-danger-outline-hover-border
2010110106,btn-loading-danger-outline-disabled-bg
2010110107,btn-loading-danger-outline-disabled-text
2010110108,btn-loading-danger-outline-disabled-border
2010110109,btn-loading-danger-outline-spinner-color
2010110110,btn-loading-danger-outline-spinner-size
2010110111,btn-loading-danger-outline-padding-x
2010110112,btn-loading-danger-outline-padding-y
2010110113,btn-loading-danger-outline-gap
2010110114,btn-loading-danger-outline-focus-ring
2010110115,btn-loading-danger-outline-outline
2010110116,btn-loading-danger-outline-transition
2010110117,btn-loading-danger-outline-icon-color
2010110118,btn-loading-danger-outline-icon-size
2010110119,btn-loading-danger-outline-line-height
2010110200,btn-loading-warning-outline-bg
2010110201,btn-loading-warning-outline-text
2010110202,btn-loading-warning-outline-border
2010110203,btn-loading-warning-outline-hover-bg
2010110204,btn-loading-warning-outline-hover-text
2010110205,btn-loading-warning-outline-hover-border
2010110206,btn-loading-warning-outline-disabled-bg
2010110207,btn-loading-warning-outline-disabled-text
2010110208,btn-loading-warning-outline-disabled-border
2010110209,btn-loading-warning-outline-spinner-color
2010110210,btn-loading-warning-outline-spinner-size
2010110211,btn-loading-warning-outline-padding-x
2010110212,btn-loading-warning-outline-padding-y
2010110213,btn-loading-warning-outline-gap
2010110214,btn-loading-warning-outline-focus-ring
2010110215,btn-loading-warning-outline-outline
2010110216,btn-loading-warning-outline-transition
2010110217,btn-loading-warning-outline-icon-color
2010110218,btn-loading-warning-outline-icon-size
2010110219,btn-loading-warning-outline-line-height
2010110300,btn-loading-info-outline-bg
2010110301,btn-loading-info-outline-text
2010110302,btn-loading-info-outline-border
2010110303,btn-loading-info-outline-hover-bg
2010110304,btn-loading-info-outline-hover-text
2010110305,btn-loading-info-outline-hover-border
2010110306,btn-loading-info-outline-disabled-bg
2010110307,btn-loading-info-outline-disabled-text
2010110308,btn-loading-info-outline-disabled-border
2010110309,btn-loading-info-outline-spinner-color
2010110310,btn-loading-info-outline-spinner-size
2010110311,btn-loading-info-outline-padding-x
2010110312,btn-loading-info-outline-padding-y
2010110313,btn-loading-info-outline-gap
2010110314,btn-loading-info-outline-focus-ring
2010110315,btn-loading-info-outline-outline
2010110316,btn-loading-info-outline-transition
2010110317,btn-loading-info-outline-icon-color
2010110318,btn-loading-info-outline-icon-size
2010110319,btn-loading-info-outline-line-height
2010110400,btn-loading-light-outline-bg
2010110401,btn-loading-light-outline-text
2010110402,btn-loading-light-outline-border
2010110403,btn-loading-light-outline-hover-bg
2010110404,btn-loading-light-outline-hover-text
2010110405,btn-loading-light-outline-hover-border
2010110406,btn-loading-light-outline-disabled-bg
2010110407,btn-loading-light-outline-disabled-text
2010110408,btn-loading-light-outline-disabled-border
2010110409,btn-loading-light-outline-spinner-color
2010110410,btn-loading-light-outline-spinner-size
2010110411,btn-loading-light-outline-padding-x
2010110412,btn-loading-light-outline-padding-y
2010110413,btn-loading-light-outline-gap
2010110414,btn-loading-light-outline-focus-ring
2010110415,btn-loading-light-outline-outline
2010110416,btn-loading-light-outline-transition
2010110417,btn-loading-light-outline-icon-color
2010110418,btn-loading-light-outline-icon-size
2010110419,btn-loading-light-outline-line-height
2010110500,btn-loading-dark-outline-bg
2010110501,btn-loading-dark-outline-text
2010110502,btn-loading-dark-outline-border
2010110503,btn-loading-dark-outline-hover-bg
2010110504,btn-loading-dark-outline-hover-text
2010110505,btn-loading-dark-outline-hover-border
2010110506,btn-loading-dark-outline-disabled-bg
2010110507,btn-loading-dark-outline-disabled-text
2010110508,btn-loading-dark-outline-disabled-border
2010110509,btn-loading-dark-outline-spinner-color
2010110510,btn-loading-dark-outline-spinner-size
2010110511,btn-loading-dark-outline-padding-x
2010110512,btn-loading-dark-outline-padding-y
2010110513,btn-loading-dark-outline-gap
2010110514,btn-loading-dark-outline-focus-ring
2010110515,btn-loading-dark-outline-outline
2010110516,btn-loading-dark-outline-transition
2010110517,btn-loading-dark-outline-icon-color
2010110518,btn-loading-dark-outline-icon-size
2010110519,btn-loading-dark-outline-line-height
